word,word_with_marks,pronunciation,pronunciation_slow,romanization,meaning,forms,language,language_code,base_language,base_language_code,note,status,added,pronunciation_source,id
пожалуйста,пожа́луйста,pa-ZHAL-sta,pa-ZHA-lu-sta,pozhaluysta,please,please,Russian,ru,English,en,,active,2026-09-01,model,0199a000-0000-7000-8000-000000000001
спасибо,спаси́бо,spa-SEE-ba,,spasibo,thanks,thanks | thank you,Russian,ru,English,en,'=1+1 is how a formula starts,active,2026-09-02,user,0199a000-0000-7000-8000-000000000002
gato,,GAH-toh,,,cat,cat | cats,Spanish,es,English,en,"He said ""miau"", then left,
quietly",active,2026-09-03,wiktionary,0199a000-0000-7000-8000-000000000003
犬,,ee-noo,,inu,dog,dog,Japanese,ja,English,en,,active,2026-09-04,model,0199a000-0000-7000-8000-000000000004
猫,,,,māo,cat,cat,Chinese,zh,English,en,,paused,2026-09-05,,0199a000-0000-7000-8000-000000000005
고양이,,,,goyangi,cat,cat,Korean,ko,English,en,,active,2026-09-06,,0199a000-0000-7000-8000-000000000006
شكرا,,,,shukran,thanks,thanks,Arabic,ar,English,en,'+ said everywhere,active,2026-09-07,,0199a000-0000-7000-8000-000000000007
पानी,,,,pānī,water,water,Hindi,hi,English,en,,active,2026-09-08,,0199a000-0000-7000-8000-000000000008
νερό,,,,neró,water,water,Greek,el,English,en,'-ό takes the stress,active,2026-09-09,,0199a000-0000-7000-8000-000000000009
שלום,,,,shalom,hello,hello,Hebrew,he,English,en,"'@ the door, too",active,2026-09-10,,0199a000-0000-7000-8000-00000000000a
น้ำ,,,,nam,water,water,Thai,th,English,en,,active,2026-09-11,,0199a000-0000-7000-8000-00000000000b
წყალი,,,,ts'q'ali,water,water,Georgian,ka,English,en,,active,2026-09-12,,0199a000-0000-7000-8000-00000000000c
ջուր,,,,jur,water,water,Armenian,hy,English,en,,active,2026-09-13,,0199a000-0000-7000-8000-00000000000d
